Filename,class
Rrm5mwnOlBI_000035,dog growling
_vTHP6Sr4s4_000040,dog growling
qDC2NEVskHI_000052,dog growling
w2zotrwasis_000045,dog growling
V1ALglq7_x8_000018,dog growling
89lLjaKtXKU_000014,dog growling
MMz80Wog-Ac_000112,dog growling
aQpis4W9Z9Q_000010,dog growling
iZ1e2t05To0_000004,dog growling
CVT4i-GXoqw_000074,dog growling
_bbQMnvdEeQ_000014,dog growling
dN5yZOlY3YY_000167,dog growling
ErlFk2wME6A_000065,dog growling
R-2xFEtfvi4_000079,dog growling
N8DcuGKBmi0_000086,dog growling
UP82Fvk3gnA_000050,dog growling
05yTDlDWEuE_000095,dog growling
FZ6YCytl9Rs_000156,dog growling
UA7icLcV_8o_000002,dog growling
d_ihoWyVhmI_000063,dog growling
KSvb5cQ-ACE_000015,dog growling
yBLlEpLCTR8_000040,dog growling
MlC6GuFg5DU_000115,dog growling
aTkyITpN8oE_000121,dog growling
GxM-2QNFO2c_000002,dog growling
g-_l3S5zZYw_000003,dog growling
g4NP4ZstW7I_000004,dog growling
yxsag5IH2Eg_000034,dog growling
ftBre24EWRs_000071,dog growling
iHPZPvU_1Bk_000055,dog growling
MDKYIWXcpB4_000007,dog growling
5BBXFwU-y8A_000014,dog growling
9GdDelgzWjE_000058,dog growling
XM6eeVHjmLk_000001,dog growling
Kam3C5F4Y-c_000228,dog growling
P3xp8Sh2rao_000017,dog growling
QKPDLPnZRao_000062,dog growling
gkPndV7j4wQ_000031,dog growling
I1CU5P-fciw_000042,dog growling
XEhsRSUSxpM_000049,dog growling
QflNRgKJPkU_000038,dog growling
x7GzfX43tnY_000000,dog growling
2J_BSncqtJc_000034,dog growling
efcLsg8QPjc_000270,dog growling
q1UlsJ-9X-8_000002,dog growling
LTXHuCd-zKw_000012,dog growling
-DaIYDkiR_Y_000000,dog growling
4jY6qjpgxJc_000015,dog growling
eqBBCLyu0ww_000049,dog growling
pyL0xIPkn9o_000043,dog growling
G0mzVsIEyDo_000090,dog growling
AD8AN_Mmq5c_000003,dog growling
V0tmdKsv7JU_000041,dog growling
ww13Ggt5g4U_000100,dog growling
iL6PBVpdMpg_000000,dog growling
Tq9cZAM42Xc_000073,dog growling
pzMAmdueTy8_000031,dog growling
U2ECwZM6pf0_000022,dog growling
j_z9NINEd8s_000070,dog growling
2me3_CkA0Tg_000056,dog growling
hHWFGI_2UQw_000010,dog growling
dG9JAhXDq-c_000113,dog growling
3-M_MA09Tgc_000006,dog growling
VHbnuIDHHqQ_000002,dog growling
76xrnNQVbz0_000029,dog growling
05W9SXQieEA_000011,dog growling
L_OvLmH_feU_000021,dog growling
incCY12s0Kc_000003,dog growling
w1DvmbRUcJw_000001,dog growling
Yo_lyKMCDgg_000032,dog growling
7jjI9IkUDeo_000531,dog growling
2doTYxZzbTU_000083,dog growling
4qu0Xxd5U8o_000108,dog growling
rELoabXDtFY_000002,dog growling
tQ56hROcgII_000031,dog growling
qyaxHX09umk_000400,dog growling
0LNrs261KaI_000021,dog growling
iYntBHDDaXQ_000034,dog growling
3MVJwvIwfro_000064,dog growling
dG9JAhXDq-c_000024,dog growling
q9JG1XSZ2lw_000047,dog growling
4xx_9E2dKMU_000012,dog growling
_0tOKh6cVXo_000060,dog growling
mcZ6T3j9DlM_000025,dog growling
AfPPvn41T38_000028,dog growling
8A_tVrewhkE_000103,dog growling
HyGb89YZ9-4_000046,dog growling
HwFtLnGP9bg_000356,dog growling
ke52UYxqjpo_000014,dog growling
ya2eRJFU6sE_000114,dog growling
xGW8ez6O8fs_000044,dog growling
NuvGVLJJgI4_000036,dog growling
2PTujSVEfwo_000052,dog growling
eozDiwpsBLc_000026,dog growling
mcADoppFFzM_000069,dog growling
xQdsm9lRh4I_000007,dog growling
YFmt_6lNg8Y_000027,dog growling
RRHBZU6NEjY_000007,dog growling
ya2eRJFU6sE_000056,dog growling
YpPIiCy6OzU_000021,dog growling
xELF03m1gCo_000153,dog growling
sFdJTTLrVPw_000116,dog growling
zaf6Tx4k5BE_000000,dog growling
NEgoxP6SsDI_000034,dog growling
yxsag5IH2Eg_000011,dog growling
DpXVIDgv7NM_000020,dog growling
crwMzIM65Ys_000028,dog growling
3-M_MA09Tgc_000018,dog growling
bfaw7Bnj_x4_000008,dog growling
mDki9ukWlyA_000058,dog growling
x5qyZ59MSlI_000486,dog growling
FVy-wvJ0GVc_000030,dog growling
-7MQDKG-T9Q_000326,dog growling
BclpT6i46Ks_000076,dog growling
T4YTI3v8ojE_000008,dog growling
QlmtfPvYWD4_000010,dog growling
PPp1GiEnP28_000140,dog growling
3ET26T15sVM_000001,dog growling
XQaF88YPSTA_000113,dog growling
LL_sYpFWLQI_000025,dog growling
VqKmvxDyruw_000028,dog growling
7NyPcaVKao4_000025,dog growling
OmKH8NQoVDU_000014,dog growling
krB3Kz6hwms_000001,dog growling
2kp2jBmHjlY_000001,dog growling
QPL99vOeETc_000004,dog growling
GOwVa7X6WNk_000015,dog growling
nbR_TEJbrx4_000185,dog growling
PqSzzThW06A_000034,dog growling
VhVvAZr-RcI_000000,dog growling
TDttyWVzLiw_000002,dog growling
RUlgo2XdxwI_000014,dog growling
9GdDelgzWjE_000042,dog growling
DJQDOU85OMs_000045,dog growling
x2MY6ulXEgs_000051,dog growling
1CPpdj9ffMo_000007,dog growling
eeGLkyQzjDE_000027,dog growling
uby1jLErtC4_000024,dog growling
2-YVr8OpXlY_000031,dog growling
wL8PZWhtQcY_000034,dog growling
fQK3MzMrkMQ_000066,dog growling
hW-gJ-enAdE_000003,dog growling
7bO0qX3IQjM_000031,dog growling
zcnzn3z_1TY_000011,dog growling
T9BQi8jUthY_000294,dog growling
-011qJFjM4M_000056,dog growling
MmHJttzfisw_000043,dog growling
3efb9EumRss_000042,dog growling
qJR_p7zd-JI_000014,dog growling
3ET26T15sVM_000017,dog growling
JomN2AH80LA_000069,dog growling
O82YabEsO04_000066,dog growling
OJF4uNG17Po_000060,dog growling
t2xJjZp1D1E_000009,dog growling
BJGen_ARjzc_000016,dog growling
VN82K8yN9rI_000000,dog growling
hHWFGI_2UQw_000070,dog growling
ETUPrxEC8I4_000007,dog growling
PFiFxAAQQ8c_000012,dog growling
NWND7fqf10E_000002,dog growling
xE8dpP0GfzA_000000,dog growling
-dDVO4233eM_000152,dog growling
a7JkUDeeUrU_000027,dog growling
GN2feSNQR5Q_000016,dog growling
s39gdg85mSQ_000075,dog growling
f7NI1g-4vFo_000053,dog growling
5GN7FX4xtJM_000021,dog growling
8bg_gGguwzg_000482,dog growling
7rfPE8pmXG4_000057,dog growling
qDC2NEVskHI_000011,dog growling
yR_IXgHr1D8_000004,dog growling
gox0zRuzuBI_000078,dog growling
PqSzzThW06A_000010,dog growling
Qv-lQVm4L34_000106,dog growling
OEck_mr7v_A_000003,dog growling
91Wy523Mgv0_000086,dog growling
ZDVZ6MgbwuE_000027,dog growling
DXfyoVutnU4_000006,dog growling
UZPTiZdCogk_000069,dog growling
MlC6GuFg5DU_000093,dog growling
CtUZ9HljxMQ_000021,dog growling
jIZdksfAiec_000051,dog growling
2-YVr8OpXlY_000021,dog growling
aFpy5ux1gFo_000071,dog growling
ZNHO1gTppsk_000005,dog growling
3MAUy-36G-Y_000010,dog growling
3uATVSNB4gE_000000,dog growling
CtUZ9HljxMQ_000001,dog growling
h0d3HZsVHgg_000205,dog growling
rMZXOu6WMdA_000044,dog growling
9W3kPSrqGbo_000032,dog growling
G5gJpi1mUps_000019,dog growling
ZQ3C1PfBEvQ_000014,dog growling
8AScI4hJo7g_000052,dog growling
ErlFk2wME6A_000044,dog growling
ETUPrxEC8I4_000038,dog growling
O5T2fTO8IMs_000023,dog growling
ySqEIs4gVf4_000010,dog growling
1CElnrcR1Vg_000021,dog growling
_gjDI3-zVZg_000001,dog growling
YFmt_6lNg8Y_000017,dog growling
s39gdg85mSQ_000235,dog growling
zXMHyEJak04_000054,dog growling
BclpT6i46Ks_000004,dog growling
wAnqT37UgYY_000020,dog growling
t2xJjZp1D1E_000030,dog growling
-dGkAZOk0UQ_000038,dog growling
uQSCG1UtNjo_000053,dog growling
8A_tVrewhkE_000034,dog growling
4q_2EVZ5YXo_000053,dog growling
SbJBSJy-qa0_000007,dog growling
ir90aX-XOeo_000004,dog growling
Ioy1DC9CX9A_000004,dog growling
7bO0qX3IQjM_000001,dog growling
05W9SXQieEA_000033,dog growling
WhwVPD7OXqo_000117,dog growling
COmphOZc-YI_000003,dog growling
Z-sSy8urj-c_000168,dog growling
NZYV4lwnJ0U_000014,dog growling
7FxhTBusEKU_000066,dog growling
XC8ALJ5FOm4_000012,dog growling
Ki10IppPOaw_000010,dog growling
e10ymYrWr_A_000042,dog growling
gy0saQS7XPo_000017,dog growling
qruKNo2rJSA_000067,dog growling
2Hcz-mDaErU_000051,dog growling
x2MY6ulXEgs_000036,dog growling
awGgmjI0oaI_000000,dog growling
IoHLk9vrzzI_000012,dog growling
IeW36MTcnBs_000117,dog growling
XEhsRSUSxpM_000012,dog growling
oqU8SM6DKD0_000019,dog growling
gQsVT3r-MHE_000032,dog growling
-ORQcjYFpy0_000033,dog growling
G0Jy1Jp7Juo_000005,dog growling
58KzLvK1OYs_000144,dog growling
_K9FFnwkG0Y_000035,dog growling
jNEUHgYMFsM_000018,dog growling
ACqaMvLaBnM_000107,dog growling
a7JkUDeeUrU_000057,dog growling
w1DvmbRUcJw_000013,dog growling
yVOXc-E1hpo_000087,dog growling
zIQcDyc791Q_000031,dog growling
NWH6Kj2_8-A_000009,dog growling
u9Nt7rsrcyM_000056,dog growling
mdZh0OPOKpw_000000,dog growling
QVz9sQ246uQ_000000,dog growling
KtoYAigkcWs_000118,dog growling
YrZSYkcY7nw_000015,dog growling
CUgPtcrfP8s_000010,dog growling
d_ihoWyVhmI_000073,dog growling
8C2yNSw9s18_000088,dog growling
hW-gJ-enAdE_000029,dog growling
agWuKSPRkmo_000006,dog growling
2PTujSVEfwo_000024,dog growling
0p-CCRfgnTU_000035,dog growling
_Ygc6UKiyIQ_000035,dog growling
MDKYIWXcpB4_000045,dog growling
kQm-SpFpI8w_000050,dog growling
dzYF7gLRnoU_000000,dog growling
u9Nt7rsrcyM_000034,dog growling
8-no5cyLhvY_000005,dog growling
h8bAqRW2Nc0_000022,dog growling
5sfs7IZ2RNI_000011,dog growling
Rrm5mwnOlBI_000054,dog growling
UZPTiZdCogk_000006,dog growling
bYix8DhyCO4_000053,dog growling
nb2qyZCFNU0_000040,dog growling
kGp60MyvxyU_000015,dog growling
oqU8SM6DKD0_000006,dog growling
304_LKk95OE_000007,dog growling
h0d3HZsVHgg_000215,dog growling
eKrNAUDmdT4_000028,dog growling
fjlC5B-YOC8_000060,dog growling
dN5yZOlY3YY_000177,dog growling
x1Rt2zN-oXo_000000,dog growling
m84_9xEiFyE_000089,dog growling
mPejTHGbBO0_000019,dog growling
0oqLJ0xN_T8_000004,dog growling
2dC_k4HQcEc_000013,dog growling
eeGLkyQzjDE_000037,dog growling
bYix8DhyCO4_000065,dog growling
ACqaMvLaBnM_000069,dog growling
Z-emq4WYqDg_000024,dog growling
e4K6dvz28gk_000031,dog growling
ik0hDu3fMYE_000224,dog growling
SeuKIxS-NgQ_000063,dog growling
BmdbHNLmeEw_000164,dog growling
_gjDI3-zVZg_000011,dog growling
4Lq-4xTloi8_000100,dog growling
W5kDAZkH0oU_000002,dog growling
KXQF2eVHeA0_000230,dog growling
-Mspe010C24_000003,dog growling
dzYF7gLRnoU_000053,dog growling
uVdCbKzzBMA_000005,dog growling
kJ9_4aHn2i8_000034,dog growling
CpX9kzdO7Sk_000119,dog growling
aFpy5ux1gFo_000024,dog growling
sDFIkwGJYa4_000499,dog growling
MXZAy2RQhPM_000005,dog growling
